date,coronavirus/covid(US),coronavirus/covid(AL),coronavirus/covid(AK),coronavirus/covid(AZ),coronavirus/covid(AR),coronavirus/covid(CA),coronavirus/covid(CO),coronavirus/covid(CT),coronavirus/covid(DE),coronavirus/covid(DC),coronavirus/covid(FL),coronavirus/covid(GA),coronavirus/covid(HI),coronavirus/covid(ID),coronavirus/covid(IL),coronavirus/covid(IN),coronavirus/covid(IA),coronavirus/covid(KS),coronavirus/covid(KY),coronavirus/covid(LA),coronavirus/covid(ME),coronavirus/covid(MD),coronavirus/covid(MA),coronavirus/covid(MI),coronavirus/covid(MN),coronavirus/covid(MS),coronavirus/covid(MO),coronavirus/covid(MT),coronavirus/covid(NE),coronavirus/covid(NV),coronavirus/covid(NH),coronavirus/covid(NJ),coronavirus/covid(NM),coronavirus/covid(NY),coronavirus/covid(NC),coronavirus/covid(ND),coronavirus/covid(OH),coronavirus/covid(OK),coronavirus/covid(OR),coronavirus/covid(PA),coronavirus/covid(RI),coronavirus/covid(SC),coronavirus/covid(SD),coronavirus/covid(TN),coronavirus/covid(TX),coronavirus/covid(UT),coronavirus/covid(VT),coronavirus/covid(VA),coronavirus/covid(WA),coronavirus/covid(WV),coronavirus/covid(WI),coronavirus/covid(WY)
2020-01-01,0,0,0,0,0,0,0,0,0,0,0,0,0.0,0.0,0,0,0,0,0,0,0,0,0,0,0,0,0,0,0,0,0,0,0,0,0,0,0,0,0,0,0,0,0,0,0,0,0,0,0,0,0.0,0
2020-01-02,0,0,0,0,0,0,0,0,0,0,0,0,0.0,0.0,0,0,0,0,0,0,0,0,0,0,0,0,0,0,0,0,0,0,0,0,0,0,0,0,0,0,0,0,0,0,0,0,0,0,0,0,0.0,0
2020-01-03,0,0,0,0,0,0,0,0,0,0,0,0,0.0,0.0,0,0,0,0,0,0,0,0,0,0,0,0,0,0,0,0,0,0,0,0,0,0,0,0,0,0,0,0,0,0,0,0,0,0,0,0,0.0,0
2020-01-04,0,0,0,0,0,0,0,0,0,0,0,0,0.0,0.0,0,0,0,0,0,0,0,0,0,0,0,0,0,0,0,0,0,0,0,0,0,0,0,0,0,0,0,0,0,0,0,0,0,0,0,0,0.0,0
2020-01-05,0,0,0,0,0,0,0,0,0,0,0,0,0.0,0.0,0,0,0,0,0,0,0,0,0,0,0,0,0,0,0,0,0,0,0,0,0,0,0,0,0,0,0,0,0,0,0,0,0,0,0,0,0.0,0
2020-01-06,0,0,0,0,0,0,0,0,0,0,0,0,0.0,0.0,0,0,0,0,0,0,0,0,0,0,0,0,0,0,0,0,0,0,0,0,0,0,0,0,0,0,0,0,0,0,0,0,0,0,0,0,0.0,0
2020-01-07,0,0,0,0,0,0,0,0,0,0,0,0,0.0,0.0,0,0,0,0,0,0,0,0,0,0,0,0,0,0,0,0,0,0,0,0,0,0,0,0,0,0,0,0,0,0,0,0,0,0,0,0,0.0,0
2020-01-08,0,0,0,0,0,0,0,0,0,0,0,0,0.0,0.0,0,0,0,0,0,0,0,0,0,0,0,0,0,0,0,0,0,0,0,0,0,0,0,0,0,0,0,0,0,0,0,0,0,0,0,0,0.0,0
2020-01-09,0,0,0,0,0,0,0,0,0,0,0,0,0.0,0.0,0,0,0,0,0,0,0,0,0,0,0,0,0,0,0,0,0,0,0,0,0,0,0,0,0,0,0,0,0,0,0,0,0,0,0,0,0.0,0
2020-01-10,0,0,0,0,0,0,0,0,0,0,0,0,0.0,0.0,0,0,0,0,0,0,0,0,0,0,0,0,0,0,0,0,0,0,0,0,0,0,0,0,0,0,0,0,0,0,0,0,0,0,0,0,0.0,0
2020-01-11,0,0,0,0,0,0,0,0,0,0,0,0,0.0,0.0,0,0,0,0,0,0,0,0,0,0,0,0,0,0,0,0,0,0,0,0,0,0,0,0,0,0,0,0,0,0,0,0,0,0,0,0,0.0,0
2020-01-12,0,0,0,0,0,0,0,0,0,0,0,0,0.0,0.0,0,0,0,0,0,0,0,0,0,0,0,0,0,0,0,0,0,0,0,0,0,0,0,0,0,0,0,0,0,0,0,0,0,0,0,0,0.0,0
2020-01-13,0,0,0,0,0,0,0,0,0,0,0,0,0.0,0.0,0,0,0,0,0,0,0,0,0,0,0,0,0,0,0,0,0,0,0,0,0,0,0,0,0,0,0,0,0,0,0,0,0,0,0,0,0.0,0
2020-01-14,0,0,0,0,0,0,0,0,0,0,0,0,0.0,0.0,0,0,0,0,0,0,0,0,0,0,0,0,0,0,0,0,0,0,0,0,0,0,0,0,0,0,0,0,0,0,0,0,0,0,0,0,0.0,0
2020-01-15,0,0,0,0,0,0,0,0,0,0,0,0,0.0,0.0,0,0,0,0,0,0,0,0,0,0,0,0,0,0,0,0,0,0,0,0,0,0,0,0,0,0,0,0,0,0,0,0,0,0,0,0,0.0,0
2020-01-16,0,0,1,0,0,0,0,0,0,0,0,0,0.0,0.0,0,0,0,0,0,0,0,0,0,0,0,0,0,0,0,0,0,0,0,0,0,0,0,0,0,0,0,0,0,0,0,0,0,0,0,0,0.0,0
2020-01-17,0,0,0,0,0,0,0,0,0,0,0,0,1.0,0.0,0,0,0,0,0,0,0,0,0,0,0,0,0,0,0,0,0,0,0,0,0,0,0,0,0,0,0,0,1,0,0,0,0,0,0,0,0.0,0
2020-01-18,0,0,0,0,0,0,0,0,0,0,0,0,1.0,0.0,0,0,0,0,0,0,0,0,0,0,0,0,0,0,0,0,0,0,0,0,0,0,0,0,0,0,0,0,1,0,0,0,0,0,0,0,0.0,1
2020-01-19,0,0,1,0,0,0,0,0,0,0,0,0,0.0,0.0,0,0,0,0,0,0,0,0,0,0,0,0,0,0,0,0,0,0,0,0,0,0,0,0,0,0,0,0,1,0,0,0,0,0,0,0,0.0,1
2020-01-20,0,0,1,0,1,0,0,0,0,0,0,0,1.0,0.0,0,0,0,0,0,0,1,1,0,0,0,0,0,0,1,1,0,0,0,0,0,1,0,1,0,0,1,0,0,1,1,0,0,0,0,0,0.0,2
2020-01-21,3,2,3,2,3,3,2,2,1,2,2,3,3.0,2.0,2,2,2,2,2,2,1,3,2,2,2,2,2,3,3,3,2,2,2,3,2,2,2,3,3,2,2,2,2,3,3,1,2,3,7,2,2.0,2
2020-01-22,3,2,4,3,2,4,3,2,2,2,3,3,3.0,2.0,4,2,2,3,3,3,2,3,3,2,2,2,3,2,2,3,3,2,3,3,3,3,2,3,4,2,3,2,3,3,4,2,2,2,8,2,2.0,2
2020-01-23,3,3,3,4,3,5,3,2,2,5,3,3,5.0,3.0,3,2,3,3,3,2,3,3,4,2,2,3,3,2,3,3,3,3,3,3,3,2,2,3,4,2,3,2,2,3,6,2,2,4,5,3,3.0,4
2020-01-24,7,5,6,7,6,8,6,5,5,6,6,6,7.0,5.0,12,7,6,6,7,4,3,6,6,6,8,6,6,5,5,8,5,6,7,6,7,7,5,7,5,6,5,5,8,12,11,4,3,7,7,5,8.0,5
2020-01-25,8,5,12,7,5,9,8,6,6,7,6,7,8.0,6.0,10,7,7,9,6,5,4,6,7,8,7,4,6,6,9,9,6,6,7,9,9,8,6,9,6,6,7,6,8,8,11,6,5,7,8,6,8.0,9
2020-01-26,9,6,8,19,6,15,9,8,5,8,7,7,12.0,6.0,8,7,6,9,7,6,6,8,8,7,7,6,8,7,8,12,7,7,8,9,7,5,6,8,9,7,6,6,8,8,10,8,7,9,10,7,6.0,6
2020-01-27,10,6,11,24,6,15,9,9,8,11,8,8,13.0,7.0,8,7,7,8,6,7,9,9,10,7,7,5,8,6,7,13,9,8,8,10,7,6,6,11,7,8,9,7,10,7,10,9,8,14,12,7,7.0,10
2020-01-28,10,5,12,16,8,17,8,9,7,11,9,9,18.0,8.0,9,8,7,15,8,6,9,13,11,7,6,6,9,7,7,12,20,9,7,12,7,8,11,14,9,9,10,6,9,8,9,8,10,11,13,7,8.0,11
2020-01-29,10,6,14,13,9,15,7,8,7,8,9,9,21.0,7.0,8,12,7,17,7,6,8,10,10,6,6,6,10,6,9,18,12,8,9,11,7,8,10,11,8,8,9,7,6,7,9,9,10,10,11,7,8.0,7
2020-01-30,11,8,9,11,17,15,8,10,11,9,11,10,19.0,7.0,11,11,8,12,10,7,7,10,12,7,6,7,12,8,9,18,9,9,9,12,8,7,9,11,10,8,12,8,7,9,10,12,9,9,12,8,9.0,9
2020-01-31,10,8,12,10,12,15,8,8,7,9,10,8,17.0,8.0,9,9,7,10,9,7,7,8,10,7,7,6,9,7,7,15,9,8,8,11,8,10,9,10,9,8,9,8,7,8,11,11,7,9,13,6,8.0,8
2020-02-01,8,6,9,8,7,13,6,8,5,8,8,8,14.0,5.0,8,7,5,7,7,5,7,7,14,5,5,6,7,5,6,11,9,7,6,9,6,7,6,8,8,7,11,6,7,6,9,6,6,7,10,5,6.0,6
2020-02-02,7,4,7,6,6,10,6,7,6,6,7,6,11.0,6.0,6,5,4,6,5,5,5,7,11,5,5,5,6,5,6,9,7,8,5,9,5,3,5,6,7,5,10,5,5,5,8,5,6,6,8,5,5.0,4
2020-02-03,6,4,9,6,4,10,5,5,5,6,5,6,13.0,3.0,6,4,4,4,4,5,4,6,8,4,4,3,4,4,4,7,5,6,5,9,5,4,4,6,6,5,6,4,5,4,6,5,5,6,7,3,5.0,4
2020-02-04,6,4,7,5,4,9,3,5,4,5,5,5,13.0,4.0,5,4,4,4,4,3,4,5,7,4,4,3,4,4,4,6,5,6,4,8,4,5,3,5,6,4,5,4,3,4,6,5,4,4,7,4,4.0,3
2020-02-05,5,3,8,5,3,7,4,4,4,6,4,4,12.0,4.0,5,4,5,3,4,3,4,4,5,4,4,3,4,4,6,6,5,5,3,6,4,4,3,4,5,4,5,4,3,4,5,5,5,5,6,5,8.0,4
2020-02-06,5,4,7,6,4,8,3,5,4,7,5,4,12.0,5.0,5,4,7,3,5,3,3,5,5,4,6,3,4,4,7,6,4,5,3,6,4,5,3,4,6,4,5,4,6,4,5,5,3,5,7,5,8.0,3
2020-02-07,6,4,6,6,4,8,4,5,4,6,6,5,14.0,5.0,5,4,6,4,4,4,4,5,6,4,5,4,4,5,6,7,4,7,6,6,4,5,4,5,7,5,5,3,5,5,6,5,5,5,7,5,6.0,5
2020-02-08,5,4,6,5,4,8,4,4,4,4,5,4,10.0,4.0,5,4,5,5,4,4,3,5,5,4,5,3,5,4,8,6,4,6,5,4,5,3,3,4,7,4,4,5,6,5,6,5,3,5,6,4,5.0,5
2020-02-09,5,3,5,5,4,6,4,4,3,5,5,4,9.0,4.0,4,4,4,3,3,3,4,4,5,4,4,3,3,3,5,7,4,5,3,5,4,3,3,3,6,4,5,3,5,4,5,4,4,4,6,3,4.0,2
2020-02-10,5,3,5,5,3,6,4,5,3,4,4,4,9.0,4.0,4,4,4,5,3,3,5,4,5,4,4,3,4,4,5,5,4,5,4,5,4,5,3,5,5,4,3,5,2,4,5,4,4,4,6,4,4.0,4
2020-02-11,5,3,6,4,5,7,4,4,4,5,4,4,11.0,5.0,4,4,4,4,3,3,6,4,5,4,4,3,4,8,4,5,4,4,4,5,4,3,3,5,5,4,4,3,6,3,5,4,4,4,6,3,4.0,3
2020-02-12,4,3,4,3,3,5,4,3,4,4,4,4,8.0,4.0,3,3,4,4,3,2,4,4,4,3,3,3,3,5,4,5,3,4,4,4,4,3,2,4,4,3,5,3,5,3,4,4,3,4,6,2,3.0,5
2020-02-13,5,3,5,4,3,6,4,4,5,5,5,5,12.0,5.0,4,4,3,3,3,3,4,4,4,4,4,3,4,7,5,6,4,4,4,4,4,4,3,5,5,4,5,4,3,4,7,4,4,4,6,3,3.0,4
2020-02-14,4,2,6,4,3,5,3,3,2,4,4,4,14.0,3.0,3,3,3,3,3,2,3,3,3,3,3,2,3,4,3,4,4,3,4,4,4,5,3,4,5,3,4,3,2,4,6,5,4,3,5,2,2.0,2
2020-02-15,3,2,4,3,2,5,3,3,4,4,3,4,18.0,4.0,3,3,3,3,3,2,2,3,3,3,3,2,3,3,3,4,3,3,2,3,3,5,2,3,4,3,1,3,3,4,4,3,3,3,5,3,3.0,3
2020-02-16,3,2,5,3,2,4,3,3,2,3,3,3,14.0,3.0,3,2,4,3,3,2,3,3,3,3,3,2,3,3,3,4,3,3,2,3,3,3,2,4,4,3,3,3,4,3,4,4,3,3,5,2,2.0,4
2020-02-17,4,2,4,4,3,5,3,3,3,6,3,4,11.0,3.0,3,3,4,3,3,2,2,3,3,3,3,3,3,4,4,4,3,3,3,3,3,2,2,4,4,3,4,3,5,4,4,4,3,4,5,2,3.0,2
2020-02-18,3,3,4,4,2,5,3,4,3,5,3,3,12.0,4.0,3,2,3,3,2,3,2,3,4,3,3,2,3,3,4,4,3,3,3,3,3,4,2,3,4,3,4,3,3,4,4,3,3,3,5,3,2.0,3
2020-02-19,3,2,4,3,2,4,3,2,2,3,3,3,9.0,3.0,3,2,2,3,2,2,2,3,3,3,3,2,3,2,3,3,3,3,2,3,2,3,2,3,3,3,3,2,4,3,3,3,2,3,4,2,2.0,2
2020-02-20,3,2,4,3,2,4,2,2,2,4,3,2,10.0,4.0,2,2,2,3,3,2,2,2,2,2,2,2,3,3,3,2,3,3,3,3,2,3,2,2,4,2,2,2,3,3,3,3,2,3,5,2,2.0,2
2020-02-21,3,2,4,3,2,4,2,3,3,4,3,3,9.0,4.0,2,3,3,3,2,2,2,3,3,2,3,2,3,3,4,3,4,3,2,3,2,3,2,2,4,2,4,2,2,3,3,3,3,3,5,2,2.0,3
2020-02-22,4,3,4,3,2,6,3,4,3,6,3,3,9.0,3.0,3,3,3,3,3,2,3,3,4,3,3,2,3,3,3,3,3,3,3,4,3,3,2,3,4,3,4,2,5,3,4,4,3,4,5,3,3.0,2
2020-02-23,4,8,6,4,3,6,4,4,3,5,4,4,10.0,4.0,4,3,4,4,4,2,3,4,4,4,3,3,4,3,3,4,5,4,3,5,3,3,3,3,5,3,4,3,4,5,5,4,4,4,6,2,3.0,4
2020-02-24,7,7,8,6,4,9,6,7,4,10,6,6,14.0,7.0,5,5,5,6,5,3,4,6,8,6,5,4,6,5,4,6,7,6,5,8,6,4,4,6,7,5,6,5,5,6,7,6,5,7,8,4,4.0,5
2020-02-25,10,8,12,8,8,12,8,11,8,15,11,10,17.0,7.0,8,7,9,8,9,6,8,9,11,8,9,6,9,7,10,9,10,10,8,12,9,9,7,9,10,9,9,8,7,9,10,8,10,10,12,6,7.0,8
2020-02-26,15,12,12,11,12,17,13,16,13,18,16,16,23.0,10.0,13,11,11,11,14,10,11,14,16,11,12,9,13,10,14,14,15,15,11,18,14,10,10,12,15,14,15,12,13,15,16,12,11,15,17,11,10.0,12
2020-02-27,18,14,15,15,11,22,16,20,12,22,19,19,26.0,12.0,15,13,14,13,16,13,12,18,17,12,13,13,16,11,16,17,16,17,13,22,16,15,11,16,19,16,18,15,17,16,18,14,15,18,21,12,11.0,15
2020-02-28,17,12,16,15,12,22,16,19,14,23,18,16,27.0,12.0,15,12,14,12,14,11,11,18,17,12,14,12,15,11,16,17,16,18,14,18,15,11,10,16,19,14,15,14,14,14,18,16,16,17,21,11,12.0,10
2020-02-29,19,13,17,16,13,25,17,17,12,18,18,16,29.0,18.0,14,13,13,13,15,12,12,18,19,13,14,11,16,15,15,19,15,21,17,15,15,10,11,16,55,15,16,14,16,14,19,19,20,17,44,11,12.0,11
2020-03-01,16,11,19,14,10,20,16,17,11,19,16,14,25.0,14.0,17,11,10,12,13,10,14,17,17,11,12,11,13,11,12,18,14,16,12,16,13,9,10,12,32,13,40,11,12,12,17,17,17,14,44,8,10.0,11
2020-03-02,24,15,27,17,15,25,19,27,18,31,42,21,24.0,20.0,20,16,16,14,16,13,18,22,25,15,17,14,18,16,17,20,32,25,18,33,18,15,14,17,38,19,43,17,16,18,24,22,20,20,59,12,14.0,16
2020-03-03,24,18,26,19,13,24,20,24,17,27,29,39,27.0,20.0,20,15,15,16,16,15,15,21,22,15,15,13,16,17,16,22,27,23,18,32,28,12,14,15,36,19,35,23,17,16,25,20,21,21,56,15,15.0,16
2020-03-04,23,14,25,18,13,27,18,23,17,25,24,25,27.0,16.0,17,14,13,15,14,15,16,21,21,14,16,14,17,17,18,20,26,25,17,34,28,12,14,14,29,21,23,24,13,15,23,17,22,22,50,14,13.0,11
2020-03-05,27,17,23,21,14,33,23,28,18,31,24,26,34.0,18.0,19,16,16,17,20,16,20,24,27,15,18,14,17,16,18,39,22,42,23,40,24,15,16,18,29,22,25,23,19,40,29,20,25,24,51,16,14.0,17
2020-03-06,29,18,22,23,16,32,45,31,26,43,23,24,33.0,19.0,19,31,15,17,31,16,22,52,33,16,22,17,18,18,22,40,27,37,19,35,23,17,18,25,27,34,25,20,19,29,28,19,24,30,49,19,16.0,21
2020-03-07,30,20,25,24,21,32,38,43,26,35,32,26,47.0,19.0,22,25,18,23,38,19,22,32,33,19,26,19,20,19,37,32,24,38,22,39,24,18,19,32,27,28,25,31,21,25,27,25,25,29,46,19,15.0,20
2020-03-08,29,19,27,22,19,31,30,33,23,48,29,27,32.0,17.0,21,20,20,35,29,19,22,34,31,18,19,18,39,18,34,29,27,37,23,41,21,16,18,22,31,27,23,26,21,27,25,24,44,40,41,21,15.0,22
2020-03-09,35,25,26,26,27,36,34,44,35,59,33,39,44.0,22.0,30,41,37,32,44,36,25,39,42,24,26,24,40,21,40,33,28,49,25,53,29,20,33,28,38,35,31,33,28,36,33,25,45,41,43,26,22.0,26
2020-03-10,43,28,24,33,30,41,43,57,45,64,38,46,43.0,23.0,36,45,40,31,46,35,33,49,59,30,34,29,38,25,38,33,43,60,28,55,39,29,46,30,37,47,47,39,48,43,37,27,38,49,47,35,31.0,37
2020-03-11,55,35,37,40,56,50,56,68,62,74,49,52,43.0,30.0,52,57,51,39,60,49,47,62,69,74,47,37,45,36,58,43,53,65,65,62,48,37,56,42,44,57,51,43,80,49,52,39,50,61,55,50,47.0,44
2020-03-12,94,88,78,86,99,88,93,94,100,100,92,99,90.0,70.0,92,95,81,88,100,86,100,100,100,91,86,100,92,74,86,87,93,96,98,98,90,92,91,92,90,94,85,75,96,95,98,100,78,98,87,82,88.0,100
2020-03-13,87,97,100,83,85,86,89,84,87,89,88,91,92.0,100.0,85,84,73,90,81,87,87,80,88,94,83,76,83,76,83,84,83,84,93,76,81,72,83,72,88,89,89,74,88,84,97,82,74,89,85,100,86.0,82
2020-03-14,80,81,74,77,72,83,84,85,75,73,79,76,79.0,80.0,76,72,61,78,72,79,76,72,78,81,79,78,73,86,68,84,74,77,82,78,73,70,72,63,76,79,83,66,74,76,79,74,71,82,79,87,81.0,82
2020-03-15,100,99,82,95,100,96,100,100,93,89,100,100,98.0,95.0,100,94,89,99,100,99,97,91,97,100,100,97,98,100,94,97,100,100,100,100,100,92,100,91,95,99,99,100,96,99,96,95,100,100,91,99,100.0,90
2020-03-16,100,100,83,100,88,100,94,100,97,91,100,100,97.0,81.0,98,100,100,98,98,100,96,97,92,100,97,89,100,87,100,100,99,93,95,98,95,85,94,100,100,100,100,96,91,100,100,85,96,100,100,98,96.0,85
2020-03-17,90,95,87,98,81,90,86,89,90,78,98,91,96.0,82.0,86,89,94,100,92,90,86,86,77,87,96,91,97,74,87,87,84,79,88,88,89,85,83,99,93,86,83,84,86,94,98,79,90,90,89,96,92.0,83
2020-03-18,84,86,90,88,82,84,77,84,85,80,93,86,100.0,70.0,82,82,86,89,85,83,78,82,75,84,86,87,96,70,75,87,81,78,84,80,86,100,80,94,91,86,83,83,82,91,91,51,75,87,85,87,87.0,79
2020-03-19,85,84,93,90,84,80,72,83,85,81,89,87,87.0,70.0,87,83,84,82,88,87,80,84,76,84,78,85,92,67,75,76,80,77,82,78,81,88,75,93,88,85,69,76,83,93,88,61,79,84,80,80,85.0,77
2020-03-20,82,83,84,90,84,87,71,83,79,80,89,83,99.0,72.0,82,79,75,85,79,79,71,80,74,82,75,77,93,70,70,78,74,79,81,84,80,85,70,90,88,83,76,78,86,92,86,63,74,80,84,83,83.0,74
2020-03-21,81,79,88,90,84,79,70,81,72,70,89,83,96.0,75.0,73,80,81,86,81,82,74,82,74,80,71,81,92,73,72,75,80,86,85,68,78,78,70,87,87,81,76,81,86,91,82,66,80,79,78,87,82.0,73
2020-03-22,87,81,86,90,86,80,72,81,88,69,92,86,97.0,73.0,74,84,87,92,83,91,74,84,75,86,75,82,92,76,71,75,81,80,78,85,83,90,83,87,87,84,78,84,85,95,86,71,82,84,83,93,82.0,76
2020-03-23,80,81,90,88,84,75,71,72,75,75,89,87,97.0,75.0,72,85,83,84,84,80,69,80,73,85,77,77,87,70,72,73,74,71,86,74,80,79,68,93,97,80,72,79,100,98,83,64,74,84,82,82,86.0,74
2020-03-24,73,73,79,79,77,67,66,66,72,64,78,81,91.0,72.0,66,70,79,76,76,67,64,69,63,71,71,71,81,70,65,66,66,66,79,68,73,66,63,90,75,73,58,72,85,79,77,61,67,71,75,81,73.0,66
2020-03-25,71,72,76,79,71,66,63,64,69,63,78,75,79.0,74.0,62,68,73,75,71,63,63,67,63,72,68,65,74,63,58,61,64,62,75,66,69,70,60,88,70,71,60,64,83,74,70,59,60,70,67,84,70.0,72
2020-03-26,69,82,78,77,74,69,67,66,65,57,78,74,81.0,67.0,67,68,75,72,70,62,64,66,64,73,63,64,72,71,66,63,69,63,74,66,68,79,61,88,77,71,58,67,88,79,73,62,65,71,69,78,67.0,76
2020-03-27,70,79,67,78,69,71,59,66,66,64,77,73,84.0,67.0,68,67,71,73,69,62,65,69,63,73,63,67,74,81,66,67,64,64,72,56,71,79,62,81,73,69,64,65,81,75,72,64,61,70,69,82,68.0,74
2020-03-28,68,73,78,76,63,69,55,65,63,57,77,70,73.0,65.0,62,63,68,67,69,62,58,67,63,70,59,61,66,72,59,61,62,65,67,68,63,72,57,75,71,65,69,61,79,69,67,62,60,66,68,73,64.0,80
2020-03-29,66,67,69,76,58,68,57,60,62,57,74,68,77.0,67.0,62,64,64,64,65,58,62,65,60,69,56,60,68,73,61,64,63,65,63,66,60,81,56,72,65,65,65,62,77,65,68,62,56,67,65,74,60.0,76
2020-03-30,64,68,65,78,60,62,52,57,63,60,66,66,66.0,55.0,61,62,66,60,64,54,57,70,57,67,53,59,65,61,58,62,58,57,62,58,58,71,54,67,65,63,61,61,78,71,64,57,51,69,63,67,57.0,69
2020-03-31,59,64,60,69,60,59,46,56,58,53,62,64,69.0,57.0,59,61,67,60,60,54,57,62,54,63,48,60,60,58,57,57,60,54,61,57,56,66,52,67,62,59,53,60,73,68,60,54,50,59,59,63,57.0,68
2020-04-01,60,63,57,62,56,61,49,58,57,54,68,68,65.0,45.0,56,59,64,56,61,52,58,59,55,63,51,61,61,55,57,60,57,53,60,56,55,62,52,65,59,58,62,55,68,69,60,53,49,59,59,65,55.0,65
2020-04-02,59,60,57,62,58,60,48,53,52,50,63,66,62.0,53.0,53,59,64,55,58,52,49,57,53,60,51,57,61,56,56,59,57,53,58,51,54,59,51,67,59,56,58,56,75,68,59,51,48,58,57,62,53.0,60
2020-04-03,67,73,69,70,69,70,53,62,60,56,70,76,88.0,63.0,64,64,63,65,68,61,63,66,61,65,57,66,71,61,65,64,63,63,71,58,63,75,57,76,65,66,69,66,85,75,72,56,57,67,65,68,58.0,74
2020-04-04,70,71,71,75,66,74,58,66,67,57,78,78,79.0,63.0,67,69,70,68,69,62,63,68,64,68,62,67,71,62,69,71,66,69,71,55,67,75,60,77,67,69,71,69,89,73,75,56,65,69,65,69,62.0,76
2020-04-05,70,68,64,74,66,72,60,68,69,60,78,75,77.0,59.0,65,65,66,70,68,59,60,69,64,68,58,61,70,61,67,68,68,67,67,69,66,73,58,73,66,67,68,69,83,73,74,62,63,70,66,74,62.0,69
2020-04-06,70,67,65,75,71,71,58,66,64,67,73,75,79.0,58.0,65,66,69,67,69,64,61,68,64,68,57,67,70,62,68,67,62,66,69,64,66,64,60,74,67,67,67,71,89,75,74,62,62,71,69,76,61.0,69
2020-04-07,64,64,63,71,64,68,52,62,58,60,68,73,71.0,55.0,63,61,64,62,64,60,53,63,62,64,55,64,67,53,64,66,65,61,73,59,61,64,57,73,59,63,55,67,92,67,70,55,57,64,64,68,54.0,68
2020-04-08,62,58,62,66,58,64,48,55,57,57,65,71,67.0,50.0,57,56,59,61,61,57,51,62,55,57,51,62,61,55,56,62,58,58,61,54,60,62,51,66,58,61,60,58,80,62,67,51,52,59,59,62,52.0,61
2020-04-09,57,54,54,61,54,60,49,52,58,51,62,67,68.0,46.0,56,52,55,55,55,51,45,60,54,57,50,59,56,51,54,61,51,58,61,53,56,49,48,64,55,57,56,54,70,58,62,50,46,58,57,60,50.0,61
2020-04-10,54,48,53,58,51,59,44,52,55,52,59,62,60.0,47.0,52,52,52,52,53,47,41,56,52,54,46,53,54,50,55,56,48,54,56,47,53,46,46,56,52,54,58,53,78,58,60,50,44,55,53,57,49.0,51
2020-04-11,45,42,41,48,39,48,39,42,46,40,48,47,54.0,40.0,43,41,41,44,41,35,36,46,42,42,40,37,42,43,40,45,41,45,47,40,42,43,35,44,46,44,43,41,76,43,46,40,35,44,44,49,41.0,41
2020-04-12,38,31,37,41,36,40,33,36,39,40,42,40,45.0,30.0,36,35,38,33,36,27,32,40,38,39,34,31,35,35,34,37,38,39,40,37,35,34,32,36,36,38,39,33,54,35,38,36,33,38,38,41,32.0,41
2020-04-13,49,41,45,57,43,53,40,48,51,49,54,51,60.0,42.0,48,47,49,47,46,43,44,53,48,48,42,46,49,45,48,48,44,51,50,47,46,50,43,51,46,49,47,44,68,47,53,44,42,49,46,53,45.0,49
2020-04-14,52,45,45,57,47,57,41,51,52,50,54,55,62.0,43.0,49,48,52,50,51,46,44,55,49,49,43,49,50,43,49,55,45,51,54,49,49,48,43,52,50,49,51,47,71,51,55,45,41,51,47,49,43.0,45
2020-04-15,49,45,43,53,48,52,40,48,52,45,52,54,61.0,42.0,47,44,51,48,47,43,41,54,48,47,41,48,50,40,47,50,46,50,47,47,48,44,41,50,45,47,47,45,67,49,53,40,40,49,49,49,43.0,48
2020-04-16,48,43,42,51,40,50,38,48,47,48,51,52,55.0,37.0,46,46,55,45,47,40,41,51,48,47,41,46,45,39,47,47,51,48,48,49,47,43,41,49,42,49,49,43,65,48,51,38,39,47,44,45,46.0,40
2020-04-17,48,44,46,50,44,53,39,46,52,43,51,53,55.0,36.0,47,46,49,48,46,41,41,53,49,47,41,50,45,41,46,49,44,48,46,39,47,43,40,51,44,47,50,46,67,49,52,41,40,47,46,49,43.0,44
2020-04-18,48,39,46,51,36,52,39,47,46,46,52,52,61.0,40.0,47,42,48,42,46,42,40,51,48,45,41,42,44,43,44,46,43,47,49,46,47,49,41,48,42,46,51,45,62,47,51,40,40,48,47,44,43.0,45
2020-04-19,38,29,32,38,29,40,31,38,38,30,41,38,43.0,31.0,37,33,42,37,34,28,31,40,39,36,36,31,34,33,39,35,37,38,41,38,34,36,31,34,36,37,38,34,47,35,37,30,32,38,35,37,34.0,35
2020-04-20,42,37,41,47,38,43,38,41,41,43,46,47,54.0,32.0,43,39,45,40,42,33,37,46,45,40,36,40,39,36,47,42,39,41,44,41,40,44,38,41,38,44,40,41,54,43,43,35,38,42,40,42,38.0,39
2020-04-21,44,39,41,50,40,47,38,45,43,41,47,53,49.0,35.0,46,43,49,43,43,38,40,46,47,42,38,43,41,41,44,45,45,42,40,44,46,44,39,45,40,45,46,43,55,46,48,35,36,44,41,41,40.0,41
2020-04-22,36,28,32,39,30,37,29,36,35,37,36,38,43.0,26.0,38,32,41,36,37,28,30,38,38,36,34,30,34,38,34,38,33,34,35,35,33,37,30,33,33,35,33,29,44,33,36,30,27,36,35,33,31.0,32
2020-04-23,41,35,40,45,34,45,35,40,43,40,42,44,51.0,32.0,45,39,45,38,42,34,34,44,42,40,37,39,40,32,40,41,40,40,40,40,41,42,36,41,39,42,39,36,46,39,43,33,31,41,40,37,36.0,39
2020-04-24,41,34,40,44,38,45,36,41,41,39,43,44,50.0,31.0,44,40,43,41,41,34,36,44,42,43,36,39,39,34,42,41,39,40,42,36,41,38,35,40,39,40,40,37,50,40,44,34,36,42,41,42,36.0,36
2020-04-25,30,27,30,34,26,34,25,30,34,26,32,34,38.0,23.0,32,26,33,32,28,22,28,34,33,29,27,27,28,24,31,32,31,32,32,32,29,26,24,27,30,28,32,26,42,30,31,28,33,31,31,30,27.0,33
2020-04-26,28,23,23,30,23,29,24,27,29,27,28,28,33.0,20.0,29,25,30,27,26,20,22,29,30,26,25,22,24,21,26,27,29,27,27,27,24,24,22,26,28,27,30,23,34,25,26,23,25,29,27,27,25.0,27
2020-04-27,29,24,22,32,23,31,25,29,30,29,29,31,35.0,22.0,30,28,37,32,25,22,24,31,32,28,28,22,26,26,28,29,30,28,32,27,26,34,26,28,28,29,28,25,35,27,30,24,25,31,28,27,26.0,27
2020-04-28,28,24,27,31,24,30,24,28,32,33,28,30,30.0,22.0,29,27,34,28,28,21,31,30,32,27,27,25,24,23,26,28,29,27,29,26,26,29,24,23,27,28,25,25,37,28,27,24,24,29,28,31,25.0,27
2020-04-29,27,22,26,34,21,28,22,27,29,30,30,29,29.0,20.0,28,27,32,26,27,20,28,31,29,27,27,24,24,20,29,26,30,27,27,27,24,28,23,24,25,26,26,24,33,25,25,26,24,28,28,26,24.0,27
2020-04-30,25,21,25,29,21,28,21,26,31,30,25,26,27.0,21.0,26,27,31,29,24,18,24,29,28,25,26,19,24,22,26,24,25,25,27,25,24,29,21,24,25,24,30,22,28,24,23,20,25,27,25,24,21.0,23
2020-05-01,25,20,22,27,21,27,23,24,27,30,25,27,27.0,22.0,26,30,29,29,24,19,25,26,26,26,26,24,23,19,29,24,28,23,28,22,22,22,23,21,25,26,25,23,31,24,25,19,24,26,26,23,23.0,20
2020-05-02,25,18,23,26,19,27,20,26,26,27,24,27,25.0,19.0,25,23,28,25,22,17,24,27,27,23,23,23,22,20,25,24,27,25,30,23,23,25,21,24,25,24,26,21,29,24,24,20,22,25,26,23,23.0,18
2020-05-03,26,20,23,28,23,26,21,27,27,27,25,27,28.0,19.0,27,22,29,25,25,18,24,28,28,25,25,23,22,22,28,23,29,26,27,24,24,25,21,21,25,25,27,22,29,24,26,21,23,25,25,24,24.0,25
2020-05-04,26,19,27,27,23,27,22,24,28,29,25,27,26.0,19.0,26,25,32,25,23,19,23,28,28,26,25,23,24,21,27,23,27,25,28,23,24,23,22,22,25,25,28,23,32,24,25,20,28,29,26,24,24.0,24
2020-05-05,25,19,21,28,20,27,20,25,23,31,24,25,26.0,19.0,26,23,29,24,25,18,23,28,28,25,24,21,21,21,28,23,25,24,25,23,23,23,21,23,26,24,24,22,30,24,24,20,24,25,24,24,23.0,22
2020-05-06,24,19,22,26,21,25,20,24,27,27,23,26,26.0,18.0,26,24,27,23,25,18,22,29,27,25,24,23,20,18,26,24,27,25,26,24,22,23,20,24,24,25,32,21,36,24,23,19,23,26,24,23,23.0,20
2020-05-07,24,19,21,25,20,24,20,23,23,26,24,25,28.0,17.0,25,22,30,22,23,16,23,28,26,26,24,20,20,21,26,26,27,22,26,24,21,22,22,23,29,24,21,21,29,23,23,19,21,25,23,23,22.0,22
2020-05-08,22,18,22,25,18,25,19,22,24,23,22,23,24.0,17.0,23,20,26,23,21,16,21,24,24,22,23,19,20,18,24,19,25,23,25,20,21,19,18,19,24,27,20,19,29,20,22,19,23,23,22,21,21.0,23
2020-05-09,22,18,18,26,18,24,19,21,22,24,22,23,24.0,15.0,23,19,26,21,20,15,19,25,25,21,22,18,20,21,25,21,25,22,25,23,19,19,17,19,24,22,25,19,27,21,21,20,21,23,23,19,20.0,20
2020-05-10,22,17,21,24,18,23,19,21,23,26,22,23,25.0,17.0,23,19,22,20,20,17,19,24,24,20,22,19,19,21,24,21,25,22,22,21,20,22,17,18,24,22,20,19,31,21,22,18,23,22,23,21,20.0,18
2020-05-11,24,20,21,27,20,26,21,24,23,30,24,25,25.0,18.0,26,22,28,24,23,20,21,28,27,23,25,21,24,23,25,23,23,22,26,23,21,23,20,22,23,25,22,21,33,21,24,20,21,26,24,24,24.0,21
2020-05-12,23,19,24,27,19,26,20,22,23,28,22,23,27.0,18.0,27,22,28,23,22,17,21,26,26,22,22,21,22,18,24,23,24,22,24,23,21,21,20,22,22,23,23,21,31,23,23,17,24,25,23,22,21.0,19
2020-05-13,23,20,20,26,20,25,19,24,21,29,23,23,24.0,18.0,26,21,28,23,22,16,21,28,25,22,26,20,21,18,23,20,27,22,31,23,21,21,19,19,25,22,24,20,27,23,22,19,23,24,24,19,23.0,19
2020-05-14,23,18,19,25,18,25,19,23,22,25,21,22,31.0,19.0,25,21,23,23,23,15,22,27,25,23,23,17,20,19,25,22,21,21,28,23,21,22,19,20,24,22,21,19,28,21,22,20,23,24,23,22,27.0,22
2020-05-15,21,18,23,25,19,24,18,22,22,28,21,21,24.0,15.0,24,20,23,23,19,15,19,23,25,22,20,18,21,19,23,21,22,21,24,20,20,20,18,20,22,22,23,18,30,19,22,17,24,23,23,18,23.0,20
2020-05-16,21,17,21,24,17,24,18,21,23,21,20,21,25.0,15.0,22,18,23,22,20,14,17,23,22,20,20,18,18,18,19,18,23,21,25,21,20,24,17,17,21,20,22,18,26,19,20,17,20,21,21,18,20.0,15
2020-05-17,21,16,17,22,17,23,18,20,18,24,21,20,26.0,15.0,21,18,22,19,16,14,19,23,23,21,20,17,17,21,20,20,22,21,24,22,20,19,16,20,19,21,23,17,29,18,21,18,22,23,20,18,21.0,22
2020-05-18,22,18,21,23,20,24,19,22,20,26,21,22,24.0,16.0,24,20,24,23,21,16,19,23,28,22,22,19,18,19,24,20,25,22,24,22,20,20,17,20,20,22,23,19,31,22,22,18,23,23,21,19,21.0,16
2020-05-19,20,16,20,22,17,21,18,20,18,23,19,19,24.0,14.0,22,19,25,21,19,14,19,23,23,18,19,18,18,19,21,19,20,20,21,20,20,20,16,18,21,20,21,17,28,20,20,18,16,20,21,16,20.0,18
2020-05-20,19,15,20,21,17,21,16,19,19,25,18,18,20.0,15.0,21,17,22,19,18,14,18,23,20,17,22,16,18,19,22,17,21,18,20,20,19,17,16,17,20,21,21,16,27,17,19,16,22,21,20,16,19.0,13
2020-05-21,20,18,18,19,19,21,16,19,19,27,18,20,20.0,14.0,20,19,21,18,18,13,19,23,21,18,20,15,18,19,21,18,23,19,20,19,19,18,16,20,19,20,19,16,26,18,18,15,19,20,19,19,19.0,16
2020-05-22,18,15,16,20,15,20,16,18,16,20,17,17,20.0,13.0,19,16,19,17,17,13,17,21,20,17,19,17,16,17,19,17,19,18,20,15,17,18,15,17,18,20,18,14,26,16,17,14,19,19,19,16,17.0,15
2020-05-23,17,14,19,20,15,20,15,17,14,22,17,16,23.0,14.0,18,15,18,16,16,11,17,19,19,18,18,14,16,16,17,15,19,18,19,18,16,20,14,15,17,17,18,15,24,15,16,13,15,18,19,17,17.0,14
2020-05-24,18,14,17,19,16,19,16,18,17,21,17,16,19.0,16.0,19,15,17,17,16,13,17,20,20,17,19,15,18,16,17,16,20,18,19,18,17,16,13,16,18,18,18,16,23,16,16,15,23,19,19,18,17.0,17
2020-05-25,18,17,19,20,17,20,16,16,17,23,17,18,19.0,13.0,20,14,20,13,14,12,18,24,20,17,20,14,18,15,17,17,18,19,18,18,18,17,15,15,20,18,18,14,23,16,17,15,18,19,19,15,18.0,15
2020-05-26,20,17,19,22,21,22,18,18,22,25,18,20,21.0,16.0,20,17,21,19,17,13,20,22,21,18,18,15,20,17,19,19,21,19,21,19,19,18,16,17,21,19,20,16,28,19,18,18,20,23,20,19,19.0,19
2020-05-27,18,15,18,19,19,20,15,17,16,27,16,18,20.0,14.0,20,16,20,18,16,12,19,21,19,17,18,15,17,17,18,19,18,17,19,17,17,16,14,17,19,17,17,15,26,17,17,14,19,19,19,20,16.0,16
2020-05-28,17,14,19,18,18,19,15,15,15,21,15,17,19.0,15.0,18,16,20,16,15,12,17,19,18,16,14,14,15,15,14,15,20,16,19,14,16,16,14,15,18,16,21,14,25,15,16,16,17,19,18,17,18.0,14
2020-05-29,15,12,19,16,15,17,13,16,14,19,13,15,18.0,13.0,16,14,18,16,13,11,15,16,17,15,11,14,15,14,15,13,17,15,18,16,15,14,12,14,16,15,16,13,24,14,15,15,20,17,16,14,17.0,14
2020-05-30,14,12,17,17,15,16,12,15,13,17,13,12,17.0,11.0,15,11,14,14,11,8,14,15,16,13,11,14,14,15,13,13,15,14,15,14,14,13,11,13,14,13,14,12,22,12,14,14,16,16,16,14,14.0,12
2020-05-31,13,12,18,16,13,14,11,14,11,13,13,13,17.0,11.0,13,12,15,13,10,8,13,16,16,12,12,11,12,14,12,11,16,14,13,13,14,12,11,13,13,12,18,11,19,12,13,13,15,14,13,12,13.0,14
2020-06-01,14,12,19,17,16,14,12,14,14,15,13,14,21.0,10.0,13,13,14,15,14,11,15,15,17,15,12,12,14,17,13,13,17,14,13,13,14,12,12,13,13,13,16,13,19,13,14,13,15,15,14,15,14.0,13
2020-06-02,13,12,20,17,13,14,12,14,12,16,13,14,16.0,11.0,13,12,16,12,13,9,14,15,16,12,13,11,13,15,12,11,14,14,14,12,13,10,12,12,14,13,12,12,18,14,14,13,17,14,14,12,14.0,12
2020-06-03,13,11,20,18,14,14,12,14,12,15,13,13,14.0,11.0,13,12,14,13,14,8,13,16,16,12,13,12,13,13,12,12,16,13,14,12,13,12,11,15,15,13,14,12,17,14,14,13,15,14,15,13,13.0,14
2020-06-04,14,11,20,18,14,15,12,15,12,19,13,14,15.0,11.0,14,13,16,14,12,8,16,15,16,13,14,12,12,16,15,12,15,13,15,12,13,11,11,13,15,13,12,14,21,13,14,13,16,14,15,11,14.0,10
2020-06-05,14,11,20,17,12,15,12,14,11,15,13,12,17.0,12.0,14,12,15,13,12,8,14,15,14,14,14,13,12,16,12,12,15,14,13,12,13,12,11,13,15,13,14,13,18,13,14,16,22,14,16,13,14.0,15
2020-06-06,13,9,17,17,14,15,11,13,13,13,12,13,23.0,11.0,13,11,13,11,13,7,13,14,16,12,13,9,11,11,12,12,12,13,14,11,13,11,11,11,14,12,13,14,17,12,14,15,17,13,14,9,12.0,10
2020-06-07,13,10,17,18,14,15,12,13,13,16,13,13,19.0,12.0,13,11,12,12,12,6,14,14,14,13,12,9,11,13,11,13,14,13,14,12,12,10,10,12,14,12,13,13,16,12,13,16,18,13,15,12,12.0,10
2020-06-08,15,11,19,19,15,16,13,14,14,18,13,14,17.0,11.0,14,13,15,14,15,8,14,15,16,13,14,11,13,13,14,12,16,15,14,13,14,10,11,13,17,13,11,14,21,13,14,15,16,15,15,12,14.0,12
2020-06-09,15,11,17,22,15,16,12,14,13,21,13,13,17.0,11.0,14,13,14,13,13,8,13,15,16,13,13,13,13,14,12,13,15,16,15,13,14,10,12,13,16,14,15,14,15,13,16,14,16,15,15,11,13.0,8
2020-06-10,15,10,18,24,16,17,12,14,13,20,14,13,16.0,12.0,14,13,15,12,12,9,13,17,16,13,14,12,13,15,12,13,15,14,15,13,15,15,11,13,17,15,15,15,17,13,16,15,18,15,16,10,13.0,14
2020-06-11,15,13,19,26,13,17,13,14,14,23,15,15,18.0,12.0,14,12,15,14,14,9,14,16,16,14,14,12,12,16,12,13,18,14,16,13,16,12,12,13,17,14,13,17,20,14,18,17,18,15,15,13,14.0,13
2020-06-12,15,12,18,23,17,17,13,13,13,16,15,14,18.0,14.0,14,12,15,13,13,10,14,16,17,13,14,14,13,14,13,13,14,14,15,14,16,13,12,17,18,14,14,17,18,14,19,15,17,14,15,13,13.0,14
2020-06-13,14,11,18,21,15,16,11,12,12,17,15,12,21.0,11.0,14,11,14,12,12,9,12,13,14,12,12,11,12,15,12,12,13,13,14,13,15,15,10,16,16,12,14,15,16,13,18,14,16,14,14,13,12.0,15
2020-06-14,14,11,17,22,16,15,11,12,10,16,16,13,18.0,10.0,14,10,15,13,11,9,12,13,14,13,12,11,12,15,12,13,15,13,14,14,14,10,10,14,16,13,14,15,16,12,17,14,16,13,13,14,13.0,11
2020-06-15,17,14,19,26,17,18,13,15,11,23,18,15,18.0,13.0,15,13,14,16,16,11,13,15,17,14,14,12,13,18,15,16,14,15,15,15,18,10,12,19,18,15,17,20,21,15,22,16,20,16,16,14,14.0,17
2020-06-16,17,12,21,30,18,17,13,14,12,22,18,16,24.0,13.0,16,13,16,14,16,11,13,16,16,14,14,14,15,16,15,15,14,14,15,15,16,13,12,18,19,15,14,18,16,16,24,15,17,16,15,15,14.0,12
2020-06-17,17,13,15,33,17,18,12,16,13,21,20,15,18.0,14.0,15,14,16,16,13,12,15,16,16,15,13,12,13,18,14,15,16,15,14,14,17,11,13,19,20,15,14,21,21,16,25,14,19,14,16,17,15.0,13
2020-06-18,17,14,20,34,17,18,13,15,12,17,23,16,22.0,14.0,15,13,18,15,13,13,13,14,16,13,14,13,14,18,13,15,14,14,16,12,17,12,13,23,20,14,14,20,19,16,27,14,16,14,16,17,14.0,12
2020-06-19,18,15,18,35,17,19,13,16,15,20,26,18,23.0,15.0,16,14,16,16,15,13,14,16,17,13,13,17,16,19,14,18,12,15,15,14,18,11,14,20,16,15,17,21,18,17,26,16,18,14,16,17,13.0,14
2020-06-20,17,12,17,33,18,18,12,14,15,18,24,17,28.0,14.0,15,12,15,15,14,13,13,14,16,14,13,14,13,16,12,17,13,14,16,14,16,10,12,17,19,14,14,22,15,15,24,18,16,15,17,14,12.0,14
2020-06-21,16,11,17,27,14,17,12,13,13,18,21,16,20.0,13.0,14,12,14,14,13,12,14,15,14,13,12,14,13,18,12,17,14,14,14,14,15,11,11,16,15,13,15,20,16,16,22,18,17,14,16,14,13.0,13
2020-06-22,20,15,18,31,19,21,14,16,14,21,26,20,25.0,20.0,17,15,16,18,15,17,17,18,17,14,15,15,18,19,13,18,16,15,19,15,18,13,14,18,18,16,16,24,15,18,29,20,19,16,17,16,14.0,14
2020-06-23,19,15,19,33,17,21,14,17,15,21,26,20,21.0,21.0,17,15,18,18,13,17,13,17,17,15,15,16,16,19,16,19,15,16,17,15,18,15,15,22,19,16,16,24,18,16,32,23,17,16,20,16,16.0,15
2020-06-24,22,16,19,35,21,24,17,21,17,22,31,22,23.0,22.0,18,16,21,22,18,17,17,19,19,17,16,17,17,20,16,21,16,18,18,16,23,13,16,25,21,18,21,26,17,20,35,22,21,19,23,18,18.0,17
2020-06-25,24,19,21,35,23,26,18,20,22,22,31,25,27.0,23.0,20,17,23,22,19,19,16,21,21,20,18,19,20,22,16,25,18,19,23,16,22,13,18,27,22,19,19,26,18,22,38,25,18,20,23,19,20.0,17
2020-06-26,26,19,22,39,24,28,19,20,20,26,38,27,25.0,24.0,22,17,24,27,21,20,17,20,21,21,18,20,22,24,18,25,19,20,23,19,23,19,20,27,23,21,19,29,22,23,41,24,25,22,25,20,19.0,18
2020-06-27,24,17,17,35,21,26,17,19,20,19,35,24,25.0,20.0,18,16,19,21,18,18,17,20,20,19,15,19,18,23,18,25,19,17,22,17,21,15,17,27,24,19,16,26,19,23,35,22,22,20,23,20,19.0,17
2020-06-28,22,18,20,33,19,24,18,20,19,18,31,22,22.0,20.0,19,16,19,18,18,18,18,20,20,20,17,17,18,22,18,24,16,18,22,18,20,12,18,26,22,20,19,25,21,23,34,20,20,19,22,20,18.0,17
2020-06-29,25,20,18,39,22,27,18,18,25,24,33,27,22.0,22.0,22,18,21,28,18,21,16,21,21,20,18,18,21,26,20,26,18,19,22,19,22,17,20,27,24,23,22,26,20,26,37,22,22,20,23,20,20.0,18
2020-06-30,25,19,26,43,21,30,19,21,29,24,33,27,23.0,24.0,21,19,21,29,19,19,20,23,21,22,18,19,22,30,19,28,22,21,22,20,22,16,20,27,26,23,20,26,21,25,36,23,21,21,25,22,21.0,23
2020-07-01,25,20,23,37,20,32,20,18,25,24,30,27,25.0,24.0,22,17,24,26,20,22,19,22,21,23,18,18,21,27,25,27,20,20,26,19,21,16,21,25,27,24,18,27,25,24,35,22,22,21,24,20,21.0,18
2020-07-02,25,21,20,35,21,30,20,21,24,21,31,29,23.0,22.0,22,19,23,25,19,20,18,20,21,22,18,21,21,29,17,27,18,20,26,16,21,16,24,25,26,25,20,25,19,28,36,21,19,21,24,20,21.0,21
2020-07-03,23,18,18,32,20,27,18,18,20,23,29,26,25.0,22.0,21,18,21,23,19,19,18,20,20,21,17,19,18,27,17,25,17,18,25,16,20,18,20,23,25,21,19,23,20,25,33,19,22,20,23,19,19.0,19
